PP mass range [2.2, 4.2] and exp(cheby)
0, 1.6, 6.5, 9, 0, 200, 0.0110957
0, 1.6, 6.5, 30, 0, 200, 0.00683927
0, 1.6, 9, 12, 0, 200, 0.0160921
0, 1.6, 12, 15, 0, 200, 0.0265839
0, 1.6, 15, 20, 0, 200, 0.0324177
0, 1.6, 20, 30, 0, 200, 0.0251144
1.6, 2.4, 3, 6.5, 0, 200, 0.0344293
1.6, 2.4, 3, 30, 0, 200, 0.0261197
1.6, 2.4, 6.5, 12, 0, 200, 0.000765749
1.6, 2.4, 12, 30, 0, 200, 0.0705969
